Sample in Buffer,Sample in Window,TRIGGER,cpu_test_i/PS_to_CPU_controller_0_enable_CPU,cpu_test_i/CPU_0_current_addr[15:0],cpu_test_i/PS_to_CPU_controller_0_CPU_done,cpu_test_i/bluex_0_ram_wr_data[31:0],cpu_test_i/blk_mem_gen_1_doutb[31:0],cpu_test_i/bluex_0_ram_en
Radix - UNSIGNED,UNSIGNED,UNSIGNED,HEX,HEX,HEX,HEX,HEX,HEX
0,0,0,1,fe18,0,00000000,00000000,0
1,1,0,1,fe19,0,00000000,00000000,0
2,2,0,1,fe1a,0,00000000,00000000,0
3,3,0,1,fe1b,0,00000000,00000000,0
4,4,0,1,fe1c,0,00000000,00000000,0
5,5,0,1,fe1d,0,00000000,00000000,0
6,6,0,1,fe1e,0,00000000,00000000,0
7,7,0,1,fe1f,0,00000000,00000000,0
8,8,0,1,fe20,0,00000000,00000000,0
9,9,0,1,fe21,0,00000000,00000000,0
10,10,0,1,fe22,0,00000000,00000000,0
11,11,0,1,fe23,0,00000000,00000000,0
12,12,0,1,fe24,0,00000000,00000000,0
13,13,0,1,fe25,0,00000000,00000000,0
14,14,0,1,fe26,0,00000000,00000000,0
15,15,0,1,fe27,0,00000000,00000000,0
16,16,0,1,fe28,0,00000000,00000000,0
17,17,0,1,fe29,0,00000000,00000000,0
18,18,0,1,fe2a,0,00000000,00000000,0
19,19,0,1,fe2b,0,00000000,00000000,0
20,20,0,1,fe2c,0,00000000,00000000,0
21,21,0,1,fe2d,0,00000000,00000000,0
22,22,0,1,fe2e,0,00000000,00000000,0
23,23,0,1,fe2f,0,00000000,00000000,0
24,24,0,1,fe30,0,00000000,00000000,0
25,25,0,1,fe31,0,00000000,00000000,0
26,26,0,1,fe32,0,00000000,00000000,0
27,27,0,1,fe33,0,00000000,00000000,0
28,28,0,1,fe34,0,00000000,00000000,0
29,29,0,1,fe35,0,00000000,00000000,0
30,30,0,1,fe36,0,00000000,00000000,0
31,31,0,1,fe37,0,00000000,00000000,0
32,32,0,1,fe38,0,00000000,00000000,0
33,33,0,1,fe39,0,00000000,00000000,0
34,34,0,1,fe3a,0,00000000,00000000,0
35,35,0,1,fe3b,0,00000000,00000000,0
36,36,0,1,fe3c,0,00000000,00000000,0
37,37,0,1,fe3d,0,00000000,00000000,0
38,38,0,1,fe3e,0,00000000,00000000,0
39,39,0,1,fe3f,0,00000000,00000000,0
40,40,0,1,fe40,0,00000000,00000000,0
41,41,0,1,fe41,0,00000000,00000000,0
42,42,0,1,fe42,0,00000000,00000000,0
43,43,0,1,fe43,0,00000000,00000000,0
44,44,0,1,fe44,0,00000000,00000000,0
45,45,0,1,fe45,0,00000000,00000000,0
46,46,0,1,fe46,0,00000000,00000000,0
47,47,0,1,fe47,0,00000000,00000000,0
48,48,0,1,fe48,0,00000000,00000000,0
49,49,0,1,fe49,0,00000000,00000000,0
50,50,0,1,fe4a,0,00000000,00000000,0
51,51,0,1,fe4b,0,00000000,00000000,0
52,52,0,1,fe4c,0,00000000,00000000,0
53,53,0,1,fe4d,0,00000000,00000000,0
54,54,0,1,fe4e,0,00000000,00000000,0
55,55,0,1,fe4f,0,00000000,00000000,0
56,56,0,1,fe50,0,00000000,00000000,0
57,57,0,1,fe51,0,00000000,00000000,0
58,58,0,1,fe52,0,00000000,00000000,0
59,59,0,1,fe53,0,00000000,00000000,0
60,60,0,1,fe54,0,00000000,00000000,0
61,61,0,1,fe55,0,00000000,00000000,0
62,62,0,1,fe56,0,00000000,00000000,0
63,63,0,1,fe57,0,00000000,00000000,0
64,64,0,1,fe58,0,00000000,00000000,0
65,65,0,1,fe59,0,00000000,00000000,0
66,66,0,1,fe5a,0,00000000,00000000,0
67,67,0,1,fe5b,0,00000000,00000000,0
68,68,0,1,fe5c,0,00000000,00000000,0
69,69,0,1,fe5d,0,00000000,00000000,0
70,70,0,1,fe5e,0,00000000,00000000,0
71,71,0,1,fe5f,0,00000000,00000000,0
72,72,0,1,fe60,0,00000000,00000000,0
73,73,0,1,fe61,0,00000000,00000000,0
74,74,0,1,fe62,0,00000000,00000000,0
75,75,0,1,fe63,0,00000000,00000000,0
76,76,0,1,fe64,0,00000000,00000000,0
77,77,0,1,fe65,0,00000000,00000000,0
78,78,0,1,fe66,0,00000000,00000000,0
79,79,0,1,fe67,0,00000000,00000000,0
80,80,0,1,fe68,0,00000000,00000000,0
81,81,0,1,fe69,0,00000000,00000000,0
82,82,0,1,fe6a,0,00000000,00000000,0
83,83,0,1,fe6b,0,00000000,00000000,0
84,84,0,1,fe6c,0,00000000,00000000,0
85,85,0,1,fe6d,0,00000000,00000000,0
86,86,0,1,fe6e,0,00000000,00000000,0
87,87,0,1,fe6f,0,00000000,00000000,0
88,88,0,1,fe70,0,00000000,00000000,0
89,89,0,1,fe71,0,00000000,00000000,0
90,90,0,1,fe72,0,00000000,00000000,0
91,91,0,1,fe73,0,00000000,00000000,0
92,92,0,1,fe74,0,00000000,00000000,0
93,93,0,1,fe75,0,00000000,00000000,0
94,94,0,1,fe76,0,00000000,00000000,0
95,95,0,1,fe77,0,00000000,00000000,0
96,96,0,1,fe78,0,00000000,00000000,0
97,97,0,1,fe79,0,00000000,00000000,0
98,98,0,1,fe7a,0,00000000,00000000,0
99,99,0,1,fe7b,0,00000000,00000000,0
100,100,0,1,fe7c,0,00000000,00000000,0
101,101,0,1,fe7d,0,00000000,00000000,0
102,102,0,1,fe7e,0,00000000,00000000,0
103,103,0,1,fe7f,0,00000000,00000000,0
104,104,0,1,fe80,0,00000000,00000000,0
105,105,0,1,fe81,0,00000000,00000000,0
106,106,0,1,fe82,0,00000000,00000000,0
107,107,0,1,fe83,0,00000000,00000000,0
108,108,0,1,fe84,0,00000000,00000000,0
109,109,0,1,fe85,0,00000000,00000000,0
110,110,0,1,fe86,0,00000000,00000000,0
111,111,0,1,fe87,0,00000000,00000000,0
112,112,0,1,fe88,0,00000000,00000000,0
113,113,0,1,fe89,0,00000000,00000000,0
114,114,0,1,fe8a,0,00000000,00000000,0
115,115,0,1,fe8b,0,00000000,00000000,0
116,116,0,1,fe8c,0,00000000,00000000,0
117,117,0,1,fe8d,0,00000000,00000000,0
118,118,0,1,fe8e,0,00000000,00000000,0
119,119,0,1,fe8f,0,00000000,00000000,0
120,120,0,1,fe90,0,00000000,00000000,0
121,121,0,1,fe91,0,00000000,00000000,0
122,122,0,1,fe92,0,00000000,00000000,0
123,123,0,1,fe93,0,00000000,00000000,0
124,124,0,1,fe94,0,00000000,00000000,0
125,125,0,1,fe95,0,00000000,00000000,0
126,126,0,1,fe96,0,00000000,00000000,0
127,127,0,1,fe97,0,00000000,00000000,0
128,128,0,1,fe98,0,00000000,00000000,0
129,129,0,1,fe99,0,00000000,00000000,0
130,130,0,1,fe9a,0,00000000,00000000,0
131,131,0,1,fe9b,0,00000000,00000000,0
132,132,0,1,fe9c,0,00000000,00000000,0
133,133,0,1,fe9d,0,00000000,00000000,0
134,134,0,1,fe9e,0,00000000,00000000,0
135,135,0,1,fe9f,0,00000000,00000000,0
136,136,0,1,fea0,0,00000000,00000000,0
137,137,0,1,fea1,0,00000000,00000000,0
138,138,0,1,fea2,0,00000000,00000000,0
139,139,0,1,fea3,0,00000000,00000000,0
140,140,0,1,fea4,0,00000000,00000000,0
141,141,0,1,fea5,0,00000000,00000000,0
142,142,0,1,fea6,0,00000000,00000000,0
143,143,0,1,fea7,0,00000000,00000000,0
144,144,0,1,fea8,0,00000000,00000000,0
145,145,0,1,fea9,0,00000000,00000000,0
146,146,0,1,feaa,0,00000000,00000000,0
147,147,0,1,feab,0,00000000,00000000,0
148,148,0,1,feac,0,00000000,00000000,0
149,149,0,1,fead,0,00000000,00000000,0
150,150,0,1,feae,0,00000000,00000000,0
151,151,0,1,feaf,0,00000000,00000000,0
152,152,0,1,feb0,0,00000000,00000000,0
153,153,0,1,feb1,0,00000000,00000000,0
154,154,0,1,feb2,0,00000000,00000000,0
155,155,0,1,feb3,0,00000000,00000000,0
156,156,0,1,feb4,0,00000000,00000000,0
157,157,0,1,feb5,0,00000000,00000000,0
158,158,0,1,feb6,0,00000000,00000000,0
159,159,0,1,feb7,0,00000000,00000000,0
160,160,0,1,feb8,0,00000000,00000000,0
161,161,0,1,feb9,0,00000000,00000000,0
162,162,0,1,feba,0,00000000,00000000,0
163,163,0,1,febb,0,00000000,00000000,0
164,164,0,1,febc,0,00000000,00000000,0
165,165,0,1,febd,0,00000000,00000000,0
166,166,0,1,febe,0,00000000,00000000,0
167,167,0,1,febf,0,00000000,00000000,0
168,168,0,1,fec0,0,00000000,00000000,0
169,169,0,1,fec1,0,00000000,00000000,0
170,170,0,1,fec2,0,00000000,00000000,0
171,171,0,1,fec3,0,00000000,00000000,0
172,172,0,1,fec4,0,00000000,00000000,0
173,173,0,1,fec5,0,00000000,00000000,0
174,174,0,1,fec6,0,00000000,00000000,0
175,175,0,1,fec7,0,00000000,00000000,0
176,176,0,1,fec8,0,00000000,00000000,0
177,177,0,1,fec9,0,00000000,00000000,0
178,178,0,1,feca,0,00000000,00000000,0
179,179,0,1,fecb,0,00000000,00000000,0
180,180,0,1,fecc,0,00000000,00000000,0
181,181,0,1,fecd,0,00000000,00000000,0
182,182,0,1,fece,0,00000000,00000000,0
183,183,0,1,fecf,0,00000000,00000000,0
184,184,0,1,fed0,0,00000000,00000000,0
185,185,0,1,fed1,0,00000000,00000000,0
186,186,0,1,fed2,0,00000000,00000000,0
187,187,0,1,fed3,0,00000000,00000000,0
188,188,0,1,fed4,0,00000000,00000000,0
189,189,0,1,fed5,0,00000000,00000000,0
190,190,0,1,fed6,0,00000000,00000000,0
191,191,0,1,fed7,0,00000000,00000000,0
192,192,0,1,fed8,0,00000000,00000000,0
193,193,0,1,fed9,0,00000000,00000000,0
194,194,0,1,feda,0,00000000,00000000,0
195,195,0,1,fedb,0,00000000,00000000,0
196,196,0,1,fedc,0,00000000,00000000,0
197,197,0,1,fedd,0,00000000,00000000,0
198,198,0,1,fede,0,00000000,00000000,0
199,199,0,1,fedf,0,00000000,00000000,0
200,200,0,1,fee0,0,00000000,00000000,0
201,201,0,1,fee1,0,00000000,00000000,0
202,202,0,1,fee2,0,00000000,00000000,0
203,203,0,1,fee3,0,00000000,00000000,0
204,204,0,1,fee4,0,00000000,00000000,0
205,205,0,1,fee5,0,00000000,00000000,0
206,206,0,1,fee6,0,00000000,00000000,0
207,207,0,1,fee7,0,00000000,00000000,0
208,208,0,1,fee8,0,00000000,00000000,0
209,209,0,1,fee9,0,00000000,00000000,0
210,210,0,1,feea,0,00000000,00000000,0
211,211,0,1,feeb,0,00000000,00000000,0
212,212,0,1,feec,0,00000000,00000000,0
213,213,0,1,feed,0,00000000,00000000,0
214,214,0,1,feee,0,00000000,00000000,0
215,215,0,1,feef,0,00000000,00000000,0
216,216,0,1,fef0,0,00000000,00000000,0
217,217,0,1,fef1,0,00000000,00000000,0
218,218,0,1,fef2,0,00000000,00000000,0
219,219,0,1,fef3,0,00000000,00000000,0
220,220,0,1,fef4,0,00000000,00000000,0
221,221,0,1,fef5,0,00000000,00000000,0
222,222,0,1,fef6,0,00000000,00000000,0
223,223,0,1,fef7,0,00000000,00000000,0
224,224,0,1,fef8,0,00000000,00000000,0
225,225,0,1,fef9,0,00000000,00000000,0
226,226,0,1,fefa,0,00000000,00000000,0
227,227,0,1,fefb,0,00000000,00000000,0
228,228,0,1,fefc,0,00000000,00000000,0
229,229,0,1,fefd,0,00000000,00000000,0
230,230,0,1,fefe,0,00000000,00000000,0
231,231,0,1,feff,0,00000000,00000000,0
232,232,0,1,ff00,0,00000000,00000000,0
233,233,0,1,ff01,0,00000000,00000000,0
234,234,0,1,ff02,0,00000000,00000000,0
235,235,0,1,ff03,0,00000000,00000000,0
236,236,0,1,ff04,0,00000000,00000000,0
237,237,0,1,ff05,0,00000000,00000000,0
238,238,0,1,ff06,0,00000000,00000000,0
239,239,0,1,ff07,0,00000000,00000000,0
240,240,0,1,ff08,0,00000000,00000000,0
241,241,0,1,ff09,0,00000000,00000000,0
242,242,0,1,ff0a,0,00000000,00000000,0
243,243,0,1,ff0b,0,00000000,00000000,0
244,244,0,1,ff0c,0,00000000,00000000,0
245,245,0,1,ff0d,0,00000000,00000000,0
246,246,0,1,ff0e,0,00000000,00000000,0
247,247,0,1,ff0f,0,00000000,00000000,0
248,248,0,1,ff10,0,00000000,00000000,0
249,249,0,1,ff11,0,00000000,00000000,0
250,250,0,1,ff12,0,00000000,00000000,0
251,251,0,1,ff13,0,00000000,00000000,0
252,252,0,1,ff14,0,00000000,00000000,0
253,253,0,1,ff15,0,00000000,00000000,0
254,254,0,1,ff16,0,00000000,00000000,0
255,255,0,1,ff17,0,00000000,00000000,0
256,256,0,1,ff18,0,00000000,00000000,0
257,257,0,1,ff19,0,00000000,00000000,0
258,258,0,1,ff1a,0,00000000,00000000,0
259,259,0,1,ff1b,0,00000000,00000000,0
260,260,0,1,ff1c,0,00000000,00000000,0
261,261,0,1,ff1d,0,00000000,00000000,0
262,262,0,1,ff1e,0,00000000,00000000,0
263,263,0,1,ff1f,0,00000000,00000000,0
264,264,0,1,ff20,0,00000000,00000000,0
265,265,0,1,ff21,0,00000000,00000000,0
266,266,0,1,ff22,0,00000000,00000000,0
267,267,0,1,ff23,0,00000000,00000000,0
268,268,0,1,ff24,0,00000000,00000000,0
269,269,0,1,ff25,0,00000000,00000000,0
270,270,0,1,ff26,0,00000000,00000000,0
271,271,0,1,ff27,0,00000000,00000000,0
272,272,0,1,ff28,0,00000000,00000000,0
273,273,0,1,ff29,0,00000000,00000000,0
274,274,0,1,ff2a,0,00000000,00000000,0
275,275,0,1,ff2b,0,00000000,00000000,0
276,276,0,1,ff2c,0,00000000,00000000,0
277,277,0,1,ff2d,0,00000000,00000000,0
278,278,0,1,ff2e,0,00000000,00000000,0
279,279,0,1,ff2f,0,00000000,00000000,0
280,280,0,1,ff30,0,00000000,00000000,0
281,281,0,1,ff31,0,00000000,00000000,0
282,282,0,1,ff32,0,00000000,00000000,0
283,283,0,1,ff33,0,00000000,00000000,0
284,284,0,1,ff34,0,00000000,00000000,0
285,285,0,1,ff35,0,00000000,00000000,0
286,286,0,1,ff36,0,00000000,00000000,0
287,287,0,1,ff37,0,00000000,00000000,0
288,288,0,1,ff38,0,00000000,00000000,0
289,289,0,1,ff39,0,00000000,00000000,0
290,290,0,1,ff3a,0,00000000,00000000,0
291,291,0,1,ff3b,0,00000000,00000000,0
292,292,0,1,ff3c,0,00000000,00000000,0
293,293,0,1,ff3d,0,00000000,00000000,0
294,294,0,1,ff3e,0,00000000,00000000,0
295,295,0,1,ff3f,0,00000000,00000000,0
296,296,0,1,ff40,0,00000000,00000000,0
297,297,0,1,ff41,0,00000000,00000000,0
298,298,0,1,ff42,0,00000000,00000000,0
299,299,0,1,ff43,0,00000000,00000000,0
300,300,0,1,ff44,0,00000000,00000000,0
301,301,0,1,ff45,0,00000000,00000000,0
302,302,0,1,ff46,0,00000000,00000000,0
303,303,0,1,ff47,0,00000000,00000000,0
304,304,0,1,ff48,0,00000000,00000000,0
305,305,0,1,ff49,0,00000000,00000000,0
306,306,0,1,ff4a,0,00000000,00000000,0
307,307,0,1,ff4b,0,00000000,00000000,0
308,308,0,1,ff4c,0,00000000,00000000,0
309,309,0,1,ff4d,0,00000000,00000000,0
310,310,0,1,ff4e,0,00000000,00000000,0
311,311,0,1,ff4f,0,00000000,00000000,0
312,312,0,1,ff50,0,00000000,00000000,0
313,313,0,1,ff51,0,00000000,00000000,0
314,314,0,1,ff52,0,00000000,00000000,0
315,315,0,1,ff53,0,00000000,00000000,0
316,316,0,1,ff54,0,00000000,00000000,0
317,317,0,1,ff55,0,00000000,00000000,0
318,318,0,1,ff56,0,00000000,00000000,0
319,319,0,1,ff57,0,00000000,00000000,0
320,320,0,1,ff58,0,00000000,00000000,0
321,321,0,1,ff59,0,00000000,00000000,0
322,322,0,1,ff5a,0,00000000,00000000,0
323,323,0,1,ff5b,0,00000000,00000000,0
324,324,0,1,ff5c,0,00000000,00000000,0
325,325,0,1,ff5d,0,00000000,00000000,0
326,326,0,1,ff5e,0,00000000,00000000,0
327,327,0,1,ff5f,0,00000000,00000000,0
328,328,0,1,ff60,0,00000000,00000000,0
329,329,0,1,ff61,0,00000000,00000000,0
330,330,0,1,ff62,0,00000000,00000000,0
331,331,0,1,ff63,0,00000000,00000000,0
332,332,0,1,ff64,0,00000000,00000000,0
333,333,0,1,ff65,0,00000000,00000000,0
334,334,0,1,ff66,0,00000000,00000000,0
335,335,0,1,ff67,0,00000000,00000000,0
336,336,0,1,ff68,0,00000000,00000000,0
337,337,0,1,ff69,0,00000000,00000000,0
338,338,0,1,ff6a,0,00000000,00000000,0
339,339,0,1,ff6b,0,00000000,00000000,0
340,340,0,1,ff6c,0,00000000,00000000,0
341,341,0,1,ff6d,0,00000000,00000000,0
342,342,0,1,ff6e,0,00000000,00000000,0
343,343,0,1,ff6f,0,00000000,00000000,0
344,344,0,1,ff70,0,00000000,00000000,0
345,345,0,1,ff71,0,00000000,00000000,0
346,346,0,1,ff72,0,00000000,00000000,0
347,347,0,1,ff73,0,00000000,00000000,0
348,348,0,1,ff74,0,00000000,00000000,0
349,349,0,1,ff75,0,00000000,00000000,0
350,350,0,1,ff76,0,00000000,00000000,0
351,351,0,1,ff77,0,00000000,00000000,0
352,352,0,1,ff78,0,00000000,00000000,0
353,353,0,1,ff79,0,00000000,00000000,0
354,354,0,1,ff7a,0,00000000,00000000,0
355,355,0,1,ff7b,0,00000000,00000000,0
356,356,0,1,ff7c,0,00000000,00000000,0
357,357,0,1,ff7d,0,00000000,00000000,0
358,358,0,1,ff7e,0,00000000,00000000,0
359,359,0,1,ff7f,0,00000000,00000000,0
360,360,0,1,ff80,0,00000000,00000000,0
361,361,0,1,ff81,0,00000000,00000000,0
362,362,0,1,ff82,0,00000000,00000000,0
363,363,0,1,ff83,0,00000000,00000000,0
364,364,0,1,ff84,0,00000000,00000000,0
365,365,0,1,ff85,0,00000000,00000000,0
366,366,0,1,ff86,0,00000000,00000000,0
367,367,0,1,ff87,0,00000000,00000000,0
368,368,0,1,ff88,0,00000000,00000000,0
369,369,0,1,ff89,0,00000000,00000000,0
370,370,0,1,ff8a,0,00000000,00000000,0
371,371,0,1,ff8b,0,00000000,00000000,0
372,372,0,1,ff8c,0,00000000,00000000,0
373,373,0,1,ff8d,0,00000000,00000000,0
374,374,0,1,ff8e,0,00000000,00000000,0
375,375,0,1,ff8f,0,00000000,00000000,0
376,376,0,1,ff90,0,00000000,00000000,0
377,377,0,1,ff91,0,00000000,00000000,0
378,378,0,1,ff92,0,00000000,00000000,0
379,379,0,1,ff93,0,00000000,00000000,0
380,380,0,1,ff94,0,00000000,00000000,0
381,381,0,1,ff95,0,00000000,00000000,0
382,382,0,1,ff96,0,00000000,00000000,0
383,383,0,1,ff97,0,00000000,00000000,0
384,384,0,1,ff98,0,00000000,00000000,0
385,385,0,1,ff99,0,00000000,00000000,0
386,386,0,1,ff9a,0,00000000,00000000,0
387,387,0,1,ff9b,0,00000000,00000000,0
388,388,0,1,ff9c,0,00000000,00000000,0
389,389,0,1,ff9d,0,00000000,00000000,0
390,390,0,1,ff9e,0,00000000,00000000,0
391,391,0,1,ff9f,0,00000000,00000000,0
392,392,0,1,ffa0,0,00000000,00000000,0
393,393,0,1,ffa1,0,00000000,00000000,0
394,394,0,1,ffa2,0,00000000,00000000,0
395,395,0,1,ffa3,0,00000000,00000000,0
396,396,0,1,ffa4,0,00000000,00000000,0
397,397,0,1,ffa5,0,00000000,00000000,0
398,398,0,1,ffa6,0,00000000,00000000,0
399,399,0,1,ffa7,0,00000000,00000000,0
400,400,0,1,ffa8,0,00000000,00000000,0
401,401,0,1,ffa9,0,00000000,00000000,0
402,402,0,1,ffaa,0,00000000,00000000,0
403,403,0,1,ffab,0,00000000,00000000,0
404,404,0,1,ffac,0,00000000,00000000,0
405,405,0,1,ffad,0,00000000,00000000,0
406,406,0,1,ffae,0,00000000,00000000,0
407,407,0,1,ffaf,0,00000000,00000000,0
408,408,0,1,ffb0,0,00000000,00000000,0
409,409,0,1,ffb1,0,00000000,00000000,0
410,410,0,1,ffb2,0,00000000,00000000,0
411,411,0,1,ffb3,0,00000000,00000000,0
412,412,0,1,ffb4,0,00000000,00000000,0
413,413,0,1,ffb5,0,00000000,00000000,0
414,414,0,1,ffb6,0,00000000,00000000,0
415,415,0,1,ffb7,0,00000000,00000000,0
416,416,0,1,ffb8,0,00000000,00000000,0
417,417,0,1,ffb9,0,00000000,00000000,0
418,418,0,1,ffba,0,00000000,00000000,0
419,419,0,1,ffbb,0,00000000,00000000,0
420,420,0,1,ffbc,0,00000000,00000000,0
421,421,0,1,ffbd,0,00000000,00000000,0
422,422,0,1,ffbe,0,00000000,00000000,0
423,423,0,1,ffbf,0,00000000,00000000,0
424,424,0,1,ffc0,0,00000000,00000000,0
425,425,0,1,ffc1,0,00000000,00000000,0
426,426,0,1,ffc2,0,00000000,00000000,0
427,427,0,1,ffc3,0,00000000,00000000,0
428,428,0,1,ffc4,0,00000000,00000000,0
429,429,0,1,ffc5,0,00000000,00000000,0
430,430,0,1,ffc6,0,00000000,00000000,0
431,431,0,1,ffc7,0,00000000,00000000,0
432,432,0,1,ffc8,0,00000000,00000000,0
433,433,0,1,ffc9,0,00000000,00000000,0
434,434,0,1,ffca,0,00000000,00000000,0
435,435,0,1,ffcb,0,00000000,00000000,0
436,436,0,1,ffcc,0,00000000,00000000,0
437,437,0,1,ffcd,0,00000000,00000000,0
438,438,0,1,ffce,0,00000000,00000000,0
439,439,0,1,ffcf,0,00000000,00000000,0
440,440,0,1,ffd0,0,00000000,00000000,0
441,441,0,1,ffd1,0,00000000,00000000,0
442,442,0,1,ffd2,0,00000000,00000000,0
443,443,0,1,ffd3,0,00000000,00000000,0
444,444,0,1,ffd4,0,00000000,00000000,0
445,445,0,1,ffd5,0,00000000,00000000,0
446,446,0,1,ffd6,0,00000000,00000000,0
447,447,0,1,ffd7,0,00000000,00000000,0
448,448,0,1,ffd8,0,00000000,00000000,0
449,449,0,1,ffd9,0,00000000,00000000,0
450,450,0,1,ffda,0,00000000,00000000,0
451,451,0,1,ffdb,0,00000000,00000000,0
452,452,0,1,ffdc,0,00000000,00000000,0
453,453,0,1,ffdd,0,00000000,00000000,0
454,454,0,1,ffde,0,00000000,00000000,0
455,455,0,1,ffdf,0,00000000,00000000,0
456,456,0,1,ffe0,0,00000000,00000000,0
457,457,0,1,ffe1,0,00000000,00000000,0
458,458,0,1,ffe2,0,00000000,00000000,0
459,459,0,1,ffe3,0,00000000,00000000,0
460,460,0,1,ffe4,0,00000000,00000000,0
461,461,0,1,ffe5,0,00000000,00000000,0
462,462,0,1,ffe6,0,00000000,00000000,0
463,463,0,1,ffe7,0,00000000,00000000,0
464,464,0,1,ffe8,0,00000000,00000000,0
465,465,0,1,ffe9,0,00000000,00000000,0
466,466,0,1,ffea,0,00000000,00000000,0
467,467,0,1,ffeb,0,00000000,00000000,0
468,468,0,1,ffec,0,00000000,00000000,0
469,469,0,1,ffed,0,00000000,00000000,0
470,470,0,1,ffee,0,00000000,00000000,0
471,471,0,1,ffef,0,00000000,00000000,0
472,472,0,1,fff0,0,00000000,00000000,0
473,473,0,1,fff1,0,00000000,00000000,0
474,474,0,1,fff2,0,00000000,00000000,0
475,475,0,1,fff3,0,00000000,00000000,0
476,476,0,1,fff4,0,00000000,00000000,0
477,477,0,1,fff5,0,00000000,00000000,0
478,478,0,1,fff6,0,00000000,00000000,0
479,479,0,1,fff7,0,00000000,00000000,0
480,480,0,1,fff8,0,00000000,00000000,0
481,481,0,1,fff9,0,00000000,00000000,0
482,482,0,1,fffa,0,00000000,00000000,0
483,483,0,1,fffb,0,00000000,00000000,0
484,484,0,1,fffc,0,00000000,00000000,0
485,485,0,1,fffd,0,00000000,00000000,0
486,486,0,1,fffe,0,00000000,00000000,0
487,487,0,1,ffff,0,00000000,00000000,0
488,488,0,1,0000,0,00000000,00000000,0
489,489,0,1,0001,0,00000000,00000000,0
490,490,0,1,0002,0,00000000,00000000,0
491,491,0,1,0003,0,00000000,00000000,0
492,492,0,1,0004,0,00000000,00000000,0
493,493,0,1,0005,0,00000000,00000000,0
494,494,0,1,0006,0,00000000,00000000,0
495,495,0,1,0007,0,00000000,00000000,0
496,496,0,1,0008,0,00000000,00000000,0
497,497,0,1,0009,0,00000000,00000000,0
498,498,0,1,000a,0,00000000,00000000,0
499,499,0,1,000b,0,00000000,00000000,0
500,500,0,1,000c,0,00000000,00000000,0
501,501,0,1,000d,0,00000000,00000000,0
502,502,0,1,000e,0,00000000,00000000,0
503,503,0,1,000f,0,00000000,00000000,0
504,504,0,1,0010,0,00000000,00000000,0
505,505,0,1,0011,0,00000000,00000000,0
506,506,0,1,0012,0,00000000,00000000,0
507,507,0,1,0013,0,00000000,00000000,0
508,508,0,1,0014,0,00000000,00000000,0
509,509,0,1,0015,0,00000000,00000000,0
510,510,0,1,0016,0,00000000,00000000,0
511,511,0,1,0017,0,00000000,00000000,0
512,512,1,1,0018,1,00000000,00000000,0
513,513,0,1,0019,0,00000000,00000000,0
514,514,0,1,001a,0,00000000,00000000,0
515,515,0,1,001b,0,00000000,00000000,0
516,516,0,1,001c,0,00000000,00000000,0
517,517,0,1,001d,0,00000000,00000000,0
518,518,0,1,001e,0,00000000,00000000,0
519,519,0,1,001f,0,00000000,00000000,0
520,520,0,1,0020,0,00000000,00000000,0
521,521,0,1,0021,0,00000000,00000000,0
522,522,0,1,0022,0,00000000,00000000,0
523,523,0,1,0023,0,00000000,00000000,0
524,524,0,1,0024,0,00000000,00000000,0
525,525,0,1,0025,0,00000000,00000000,0
526,526,0,1,0026,0,00000000,00000000,0
527,527,0,1,0027,0,00000000,00000000,0
528,528,0,1,0028,0,00000000,00000000,0
529,529,0,1,0029,0,00000000,00000000,0
530,530,0,1,002a,0,00000000,00000000,0
531,531,0,1,002b,0,00000000,00000000,0
532,532,0,1,002c,0,00000000,00000000,0
533,533,0,1,002d,0,00000000,00000000,0
534,534,0,1,002e,0,00000000,00000000,0
535,535,0,1,002f,0,00000000,00000000,0
536,536,0,1,0030,0,00000000,00000000,0
537,537,0,1,0031,0,00000000,00000000,0
538,538,0,1,0032,0,00000000,00000000,0
539,539,0,1,0033,0,00000000,00000000,0
540,540,0,1,0034,0,00000000,00000000,0
541,541,0,1,0035,0,00000000,00000000,0
542,542,0,1,0036,0,00000000,00000000,0
543,543,0,1,0037,0,00000000,00000000,0
544,544,0,1,0038,0,00000000,00000000,0
545,545,0,1,0039,0,00000000,00000000,0
546,546,0,1,003a,0,00000000,00000000,0
547,547,0,1,003b,0,00000000,00000000,0
548,548,0,1,003c,0,00000000,00000000,0
549,549,0,1,003d,0,00000000,00000000,0
550,550,0,1,003e,0,00000000,00000000,0
551,551,0,1,003f,0,00000000,00000000,0
552,552,0,1,0040,0,00000000,00000000,0
553,553,0,1,0041,0,00000000,00000000,0
554,554,0,1,0042,0,00000000,00000000,0
555,555,0,1,0043,0,00000000,00000000,0
556,556,0,1,0044,0,00000000,00000000,0
557,557,0,1,0045,0,00000000,00000000,0
558,558,0,1,0046,0,00000000,00000000,0
559,559,0,1,0047,0,00000000,00000000,0
560,560,0,1,0048,0,00000000,00000000,0
561,561,0,1,0049,0,00000000,00000000,0
562,562,0,1,004a,0,00000000,00000000,0
563,563,0,1,004b,0,00000000,00000000,0
564,564,0,1,004c,0,00000000,00000000,0
565,565,0,1,004d,0,00000000,00000000,0
566,566,0,1,004e,0,00000000,00000000,0
567,567,0,1,004f,0,00000000,00000000,0
568,568,0,1,0050,0,00000000,00000000,0
569,569,0,1,0051,0,00000000,00000000,0
570,570,0,1,0052,0,00000000,00000000,0
571,571,0,1,0053,0,00000000,00000000,0
572,572,0,1,0054,0,00000000,00000000,0
573,573,0,1,0055,0,00000000,00000000,0
574,574,0,1,0056,0,00000000,00000000,0
575,575,0,1,0057,0,00000000,00000000,0
576,576,0,1,0058,0,00000000,00000000,0
577,577,0,1,0059,0,00000000,00000000,0
578,578,0,1,005a,0,00000000,00000000,0
579,579,0,1,005b,0,00000000,00000000,0
580,580,0,1,005c,0,00000000,00000000,0
581,581,0,1,005d,0,00000000,00000000,0
582,582,0,1,005e,0,00000000,00000000,0
583,583,0,1,005f,0,00000000,00000000,0
584,584,0,1,0060,0,00000000,00000000,0
585,585,0,1,0061,0,00000000,00000000,0
586,586,0,1,0062,0,00000000,00000000,0
587,587,0,1,0063,0,00000000,00000000,0
588,588,0,1,0064,0,00000000,00000000,0
589,589,0,1,0065,0,00000000,00000000,0
590,590,0,1,0066,0,00000000,00000000,0
591,591,0,1,0067,0,00000000,00000000,0
592,592,0,1,0068,0,00000000,00000000,0
593,593,0,1,0069,0,00000000,00000000,0
594,594,0,1,006a,0,00000000,00000000,0
595,595,0,1,006b,0,00000000,00000000,0
596,596,0,1,006c,0,00000000,00000000,0
597,597,0,1,006d,0,00000000,00000000,0
598,598,0,1,006e,0,00000000,00000000,0
599,599,0,1,006f,0,00000000,00000000,0
600,600,0,1,0070,0,00000000,00000000,0
601,601,0,1,0071,0,00000000,00000000,0
602,602,0,1,0072,0,00000000,00000000,0
603,603,0,1,0073,0,00000000,00000000,0
604,604,0,1,0074,0,00000000,00000000,0
605,605,0,1,0075,0,00000000,00000000,0
606,606,0,1,0076,0,00000000,00000000,0
607,607,0,1,0077,0,00000000,00000000,0
608,608,0,1,0078,0,00000000,00000000,0
609,609,0,1,0079,0,00000000,00000000,0
610,610,0,1,007a,0,00000000,00000000,0
611,611,0,1,007b,0,00000000,00000000,0
612,612,0,1,007c,0,00000000,00000000,0
613,613,0,1,007d,0,00000000,00000000,0
614,614,0,1,007e,0,00000000,00000000,0
615,615,0,1,007f,0,00000000,00000000,0
616,616,0,1,0080,0,00000000,00000000,0
617,617,0,1,0081,0,00000000,00000000,0
618,618,0,1,0082,0,00000000,00000000,0
619,619,0,1,0083,0,00000000,00000000,0
620,620,0,1,0084,0,00000000,00000000,0
621,621,0,1,0085,0,00000000,00000000,0
622,622,0,1,0086,0,00000000,00000000,0
623,623,0,1,0087,0,00000000,00000000,0
624,624,0,1,0088,0,00000000,00000000,0
625,625,0,1,0089,0,00000000,00000000,0
626,626,0,1,008a,0,00000000,00000000,0
627,627,0,1,008b,0,00000000,00000000,0
628,628,0,1,008c,0,00000000,00000000,0
629,629,0,1,008d,0,00000000,00000000,0
630,630,0,1,008e,0,00000000,00000000,0
631,631,0,1,008f,0,00000000,00000000,0
632,632,0,1,0090,0,00000000,00000000,0
633,633,0,1,0091,0,00000000,00000000,0
634,634,0,1,0092,0,00000000,00000000,0
635,635,0,1,0093,0,00000000,00000000,0
636,636,0,1,0094,0,00000000,00000000,0
637,637,0,1,0095,0,00000000,00000000,0
638,638,0,1,0096,0,00000000,00000000,0
639,639,0,1,0097,0,00000000,00000000,0
640,640,0,1,0098,0,00000000,00000000,0
641,641,0,1,0099,0,00000000,00000000,0
642,642,0,1,009a,0,00000000,00000000,0
643,643,0,1,009b,0,00000000,00000000,0
644,644,0,1,009c,0,00000000,00000000,0
645,645,0,1,009d,0,00000000,00000000,0
646,646,0,1,009e,0,00000000,00000000,0
647,647,0,1,009f,0,00000000,00000000,0
648,648,0,1,00a0,0,00000000,00000000,0
649,649,0,1,00a1,0,00000000,00000000,0
650,650,0,1,00a2,0,00000000,00000000,0
651,651,0,1,00a3,0,00000000,00000000,0
652,652,0,1,00a4,0,00000000,00000000,0
653,653,0,1,00a5,0,00000000,00000000,0
654,654,0,1,00a6,0,00000000,00000000,0
655,655,0,1,00a7,0,00000000,00000000,0
656,656,0,1,00a8,0,00000000,00000000,0
657,657,0,1,00a9,0,00000000,00000000,0
658,658,0,1,00aa,0,00000000,00000000,0
659,659,0,1,00ab,0,00000000,00000000,0
660,660,0,1,00ac,0,00000000,00000000,0
661,661,0,1,00ad,0,00000000,00000000,0
662,662,0,1,00ae,0,00000000,00000000,0
663,663,0,1,00af,0,00000000,00000000,0
664,664,0,1,00b0,0,00000000,00000000,0
665,665,0,1,00b1,0,00000000,00000000,0
666,666,0,1,00b2,0,00000000,00000000,0
667,667,0,1,00b3,0,00000000,00000000,0
668,668,0,1,00b4,0,00000000,00000000,0
669,669,0,1,00b5,0,00000000,00000000,0
670,670,0,1,00b6,0,00000000,00000000,0
671,671,0,1,00b7,0,00000000,00000000,0
672,672,0,1,00b8,0,00000000,00000000,0
673,673,0,1,00b9,0,00000000,00000000,0
674,674,0,1,00ba,0,00000000,00000000,0
675,675,0,1,00bb,0,00000000,00000000,0
676,676,0,1,00bc,0,00000000,00000000,0
677,677,0,1,00bd,0,00000000,00000000,0
678,678,0,1,00be,0,00000000,00000000,0
679,679,0,1,00bf,0,00000000,00000000,0
680,680,0,1,00c0,0,00000000,00000000,0
681,681,0,1,00c1,0,00000000,00000000,0
682,682,0,1,00c2,0,00000000,00000000,0
683,683,0,1,00c3,0,00000000,00000000,0
684,684,0,1,00c4,0,00000000,00000000,0
685,685,0,1,00c5,0,00000000,00000000,0
686,686,0,1,00c6,0,00000000,00000000,0
687,687,0,1,00c7,0,00000000,00000000,0
688,688,0,1,00c8,0,00000000,00000000,0
689,689,0,1,00c9,0,00000000,00000000,0
690,690,0,1,00ca,0,00000000,00000000,0
691,691,0,1,00cb,0,00000000,00000000,0
692,692,0,1,00cc,0,00000000,00000000,0
693,693,0,1,00cd,0,00000000,00000000,0
694,694,0,1,00ce,0,00000000,00000000,0
695,695,0,1,00cf,0,00000000,00000000,0
696,696,0,1,00d0,0,00000000,00000000,0
697,697,0,1,00d1,0,00000000,00000000,0
698,698,0,1,00d2,0,00000000,00000000,0
699,699,0,1,00d3,0,00000000,00000000,0
700,700,0,1,00d4,0,00000000,00000000,0
701,701,0,1,00d5,0,00000000,00000000,0
702,702,0,1,00d6,0,00000000,00000000,0
703,703,0,1,00d7,0,00000000,00000000,0
704,704,0,1,00d8,0,00000000,00000000,0
705,705,0,1,00d9,0,00000000,00000000,0
706,706,0,1,00da,0,00000000,00000000,0
707,707,0,1,00db,0,00000000,00000000,0
708,708,0,1,00dc,0,00000000,00000000,0
709,709,0,1,00dd,0,00000000,00000000,0
710,710,0,1,00de,0,00000000,00000000,0
711,711,0,1,00df,0,00000000,00000000,0
712,712,0,1,00e0,0,00000000,00000000,0
713,713,0,1,00e1,0,00000000,00000000,0
714,714,0,1,00e2,0,00000000,00000000,0
715,715,0,1,00e3,0,00000000,00000000,0
716,716,0,1,00e4,0,00000000,00000000,0
717,717,0,1,00e5,0,00000000,00000000,0
718,718,0,1,00e6,0,00000000,00000000,0
719,719,0,1,00e7,0,00000000,00000000,0
720,720,0,1,00e8,0,00000000,00000000,0
721,721,0,1,00e9,0,00000000,00000000,0
722,722,0,1,00ea,0,00000000,00000000,0
723,723,0,1,00eb,0,00000000,00000000,0
724,724,0,1,00ec,0,00000000,00000000,0
725,725,0,1,00ed,0,00000000,00000000,0
726,726,0,1,00ee,0,00000000,00000000,0
727,727,0,1,00ef,0,00000000,00000000,0
728,728,0,1,00f0,0,00000000,00000000,0
729,729,0,1,00f1,0,00000000,00000000,0
730,730,0,1,00f2,0,00000000,00000000,0
731,731,0,1,00f3,0,00000000,00000000,0
732,732,0,1,00f4,0,00000000,00000000,0
733,733,0,1,00f5,0,00000000,00000000,0
734,734,0,1,00f6,0,00000000,00000000,0
735,735,0,1,00f7,0,00000000,00000000,0
736,736,0,1,00f8,0,00000000,00000000,0
737,737,0,1,00f9,0,00000000,00000000,0
738,738,0,1,00fa,0,00000000,00000000,0
739,739,0,1,00fb,0,00000000,00000000,0
740,740,0,1,00fc,0,00000000,00000000,0
741,741,0,1,00fd,0,00000000,00000000,0
742,742,0,1,00fe,0,00000000,00000000,0
743,743,0,1,00ff,0,00000000,00000000,0
744,744,0,1,0100,0,00000000,00000000,0
745,745,0,1,0101,0,00000000,00000000,0
746,746,0,1,0102,0,00000000,00000000,0
747,747,0,1,0103,0,00000000,00000000,0
748,748,0,1,0104,0,00000000,00000000,0
749,749,0,1,0105,0,00000000,00000000,0
750,750,0,1,0106,0,00000000,00000000,0
751,751,0,1,0107,0,00000000,00000000,0
752,752,0,1,0108,0,00000000,00000000,0
753,753,0,1,0109,0,00000000,00000000,0
754,754,0,1,010a,0,00000000,00000000,0
755,755,0,1,010b,0,00000000,00000000,0
756,756,0,1,010c,0,00000000,00000000,0
757,757,0,1,010d,0,00000000,00000000,0
758,758,0,1,010e,0,00000000,00000000,0
759,759,0,1,010f,0,00000000,00000000,0
760,760,0,1,0110,0,00000000,00000000,0
761,761,0,1,0111,0,00000000,00000000,0
762,762,0,1,0112,0,00000000,00000000,0
763,763,0,1,0113,0,00000000,00000000,0
764,764,0,1,0114,0,00000000,00000000,0
765,765,0,1,0115,0,00000000,00000000,0
766,766,0,1,0116,0,00000000,00000000,0
767,767,0,1,0117,0,00000000,00000000,0
768,768,0,1,0118,0,00000000,00000000,0
769,769,0,1,0119,0,00000000,00000000,0
770,770,0,1,011a,0,00000000,00000000,0
771,771,0,1,011b,0,00000000,00000000,0
772,772,0,1,011c,0,00000000,00000000,0
773,773,0,1,011d,0,00000000,00000000,0
774,774,0,1,011e,0,00000000,00000000,0
775,775,0,1,011f,0,00000000,00000000,0
776,776,0,1,0120,0,00000000,00000000,0
777,777,0,1,0121,0,00000000,00000000,0
778,778,0,1,0122,0,00000000,00000000,0
779,779,0,1,0123,0,00000000,00000000,0
780,780,0,1,0124,0,00000000,00000000,0
781,781,0,1,0125,0,00000000,00000000,0
782,782,0,1,0126,0,00000000,00000000,0
783,783,0,1,0127,0,00000000,00000000,0
784,784,0,1,0128,0,00000000,00000000,0
785,785,0,1,0129,0,00000000,00000000,0
786,786,0,1,012a,0,00000000,00000000,0
787,787,0,1,012b,0,00000000,00000000,0
788,788,0,1,012c,0,00000000,00000000,0
789,789,0,1,012d,0,00000000,00000000,0
790,790,0,1,012e,0,00000000,00000000,0
791,791,0,1,012f,0,00000000,00000000,0
792,792,0,1,0130,0,00000000,00000000,0
793,793,0,1,0131,0,00000000,00000000,0
794,794,0,1,0132,0,00000000,00000000,0
795,795,0,1,0133,0,00000000,00000000,0
796,796,0,1,0134,0,00000000,00000000,0
797,797,0,1,0135,0,00000000,00000000,0
798,798,0,1,0136,0,00000000,00000000,0
799,799,0,1,0137,0,00000000,00000000,0
800,800,0,1,0138,0,00000000,00000000,0
801,801,0,1,0139,0,00000000,00000000,0
802,802,0,1,013a,0,00000000,00000000,0
803,803,0,1,013b,0,00000000,00000000,0
804,804,0,1,013c,0,00000000,00000000,0
805,805,0,1,013d,0,00000000,00000000,0
806,806,0,1,013e,0,00000000,00000000,0
807,807,0,1,013f,0,00000000,00000000,0
808,808,0,1,0140,0,00000000,00000000,0
809,809,0,1,0141,0,00000000,00000000,0
810,810,0,1,0142,0,00000000,00000000,0
811,811,0,1,0143,0,00000000,00000000,0
812,812,0,1,0144,0,00000000,00000000,0
813,813,0,1,0145,0,00000000,00000000,0
814,814,0,1,0146,0,00000000,00000000,0
815,815,0,1,0147,0,00000000,00000000,0
816,816,0,1,0148,0,00000000,00000000,0
817,817,0,1,0149,0,00000000,00000000,0
818,818,0,1,014a,0,00000000,00000000,0
819,819,0,1,014b,0,00000000,00000000,0
820,820,0,1,014c,0,00000000,00000000,0
821,821,0,1,014d,0,00000000,00000000,0
822,822,0,1,014e,0,00000000,00000000,0
823,823,0,1,014f,0,00000000,00000000,0
824,824,0,1,0150,0,00000000,00000000,0
825,825,0,1,0151,0,00000000,00000000,0
826,826,0,1,0152,0,00000000,00000000,0
827,827,0,1,0153,0,00000000,00000000,0
828,828,0,1,0154,0,00000000,00000000,0
829,829,0,1,0155,0,00000000,00000000,0
830,830,0,1,0156,0,00000000,00000000,0
831,831,0,1,0157,0,00000000,00000000,0
832,832,0,1,0158,0,00000000,00000000,0
833,833,0,1,0159,0,00000000,00000000,0
834,834,0,1,015a,0,00000000,00000000,0
835,835,0,1,015b,0,00000000,00000000,0
836,836,0,1,015c,0,00000000,00000000,0
837,837,0,1,015d,0,00000000,00000000,0
838,838,0,1,015e,0,00000000,00000000,0
839,839,0,1,015f,0,00000000,00000000,0
840,840,0,1,0160,0,00000000,00000000,0
841,841,0,1,0161,0,00000000,00000000,0
842,842,0,1,0162,0,00000000,00000000,0
843,843,0,1,0163,0,00000000,00000000,0
844,844,0,1,0164,0,00000000,00000000,0
845,845,0,1,0165,0,00000000,00000000,0
846,846,0,1,0166,0,00000000,00000000,0
847,847,0,1,0167,0,00000000,00000000,0
848,848,0,1,0168,0,00000000,00000000,0
849,849,0,1,0169,0,00000000,00000000,0
850,850,0,1,016a,0,00000000,00000000,0
851,851,0,1,016b,0,00000000,00000000,0
852,852,0,1,016c,0,00000000,00000000,0
853,853,0,1,016d,0,00000000,00000000,0
854,854,0,1,016e,0,00000000,00000000,0
855,855,0,1,016f,0,00000000,00000000,0
856,856,0,1,0170,0,00000000,00000000,0
857,857,0,1,0171,0,00000000,00000000,0
858,858,0,1,0172,0,00000000,00000000,0
859,859,0,1,0173,0,00000000,00000000,0
860,860,0,1,0174,0,00000000,00000000,0
861,861,0,1,0175,0,00000000,00000000,0
862,862,0,1,0176,0,00000000,00000000,0
863,863,0,1,0177,0,00000000,00000000,0
864,864,0,1,0178,0,00000000,00000000,0
865,865,0,1,0179,0,00000000,00000000,0
866,866,0,1,017a,0,00000000,00000000,0
867,867,0,1,017b,0,00000000,00000000,0
868,868,0,1,017c,0,00000000,00000000,0
869,869,0,1,017d,0,00000000,00000000,0
870,870,0,1,017e,0,00000000,00000000,0
871,871,0,1,017f,0,00000000,00000000,0
872,872,0,1,0180,0,00000000,00000000,0
873,873,0,1,0181,0,00000000,00000000,0
874,874,0,1,0182,0,00000000,00000000,0
875,875,0,1,0183,0,00000000,00000000,0
876,876,0,1,0184,0,00000000,00000000,0
877,877,0,1,0185,0,00000000,00000000,0
878,878,0,1,0186,0,00000000,00000000,0
879,879,0,1,0187,0,00000000,00000000,0
880,880,0,1,0188,0,00000000,00000000,0
881,881,0,1,0189,0,00000000,00000000,0
882,882,0,1,018a,0,00000000,00000000,0
883,883,0,1,018b,0,00000000,00000000,0
884,884,0,1,018c,0,00000000,00000000,0
885,885,0,1,018d,0,00000000,00000000,0
886,886,0,1,018e,0,00000000,00000000,0
887,887,0,1,018f,0,00000000,00000000,0
888,888,0,1,0190,0,00000000,00000000,0
889,889,0,1,0191,0,00000000,00000000,0
890,890,0,1,0192,0,00000000,00000000,0
891,891,0,1,0193,0,00000000,00000000,0
892,892,0,1,0194,0,00000000,00000000,0
893,893,0,1,0195,0,00000000,00000000,0
894,894,0,1,0196,0,00000000,00000000,0
895,895,0,1,0197,0,00000000,00000000,0
896,896,0,1,0198,0,00000000,00000000,0
897,897,0,1,0199,0,00000000,00000000,0
898,898,0,1,019a,0,00000000,00000000,0
899,899,0,1,019b,0,00000000,00000000,0
900,900,0,1,019c,0,00000000,00000000,0
901,901,0,1,019d,0,00000000,00000000,0
902,902,0,1,019e,0,00000000,00000000,0
903,903,0,1,019f,0,00000000,00000000,0
904,904,0,1,01a0,0,00000000,00000000,0
905,905,0,1,01a1,0,00000000,00000000,0
906,906,0,1,01a2,0,00000000,00000000,0
907,907,0,1,01a3,0,00000000,00000000,0
908,908,0,1,01a4,0,00000000,00000000,0
909,909,0,1,01a5,0,00000000,00000000,0
910,910,0,1,01a6,0,00000000,00000000,0
911,911,0,1,01a7,0,00000000,00000000,0
912,912,0,1,01a8,0,00000000,00000000,0
913,913,0,1,01a9,0,00000000,00000000,0
914,914,0,1,01aa,0,00000000,00000000,0
915,915,0,1,01ab,0,00000000,00000000,0
916,916,0,1,01ac,0,00000000,00000000,0
917,917,0,1,01ad,0,00000000,00000000,0
918,918,0,1,01ae,0,00000000,00000000,0
919,919,0,1,01af,0,00000000,00000000,0
920,920,0,1,01b0,0,00000000,00000000,0
921,921,0,1,01b1,0,00000000,00000000,0
922,922,0,1,01b2,0,00000000,00000000,0
923,923,0,1,01b3,0,00000000,00000000,0
924,924,0,1,01b4,0,00000000,00000000,0
925,925,0,1,01b5,0,00000000,00000000,0
926,926,0,1,01b6,0,00000000,00000000,0
927,927,0,1,01b7,0,00000000,00000000,0
928,928,0,1,01b8,0,00000000,00000000,0
929,929,0,1,01b9,0,00000000,00000000,0
930,930,0,1,01ba,0,00000000,00000000,0
931,931,0,1,01bb,0,00000000,00000000,0
932,932,0,1,01bc,0,00000000,00000000,0
933,933,0,1,01bd,0,00000000,00000000,0
934,934,0,1,01be,0,00000000,00000000,0
935,935,0,1,01bf,0,00000000,00000000,0
936,936,0,1,01c0,0,00000000,00000000,0
937,937,0,1,01c1,0,00000000,00000000,0
938,938,0,1,01c2,0,00000000,00000000,0
939,939,0,1,01c3,0,00000000,00000000,0
940,940,0,1,01c4,0,00000000,00000000,0
941,941,0,1,01c5,0,00000000,00000000,0
942,942,0,1,01c6,0,00000000,00000000,0
943,943,0,1,01c7,0,00000000,00000000,0
944,944,0,1,01c8,0,00000000,00000000,0
945,945,0,1,01c9,0,00000000,00000000,0
946,946,0,1,01ca,0,00000000,00000000,0
947,947,0,1,01cb,0,00000000,00000000,0
948,948,0,1,01cc,0,00000000,00000000,0
949,949,0,1,01cd,0,00000000,00000000,0
950,950,0,1,01ce,0,00000000,00000000,0
951,951,0,1,01cf,0,00000000,00000000,0
952,952,0,1,01d0,0,00000000,00000000,0
953,953,0,1,01d1,0,00000000,00000000,0
954,954,0,1,01d2,0,00000000,00000000,0
955,955,0,1,01d3,0,00000000,00000000,0
956,956,0,1,01d4,0,00000000,00000000,0
957,957,0,1,01d5,0,00000000,00000000,0
958,958,0,1,01d6,0,00000000,00000000,0
959,959,0,1,01d7,0,00000000,00000000,0
960,960,0,1,01d8,0,00000000,00000000,0
961,961,0,1,01d9,0,00000000,00000000,0
962,962,0,1,01da,0,00000000,00000000,0
963,963,0,1,01db,0,00000000,00000000,0
964,964,0,1,01dc,0,00000000,00000000,0
965,965,0,1,01dd,0,00000000,00000000,0
966,966,0,1,01de,0,00000000,00000000,0
967,967,0,1,01df,0,00000000,00000000,0
968,968,0,1,01e0,0,00000000,00000000,0
969,969,0,1,01e1,0,00000000,00000000,0
970,970,0,1,01e2,0,00000000,00000000,0
971,971,0,1,01e3,0,00000000,00000000,0
972,972,0,1,01e4,0,00000000,00000000,0
973,973,0,1,01e5,0,00000000,00000000,0
974,974,0,1,01e6,0,00000000,00000000,0
975,975,0,1,01e7,0,00000000,00000000,0
976,976,0,1,01e8,0,00000000,00000000,0
977,977,0,1,01e9,0,00000000,00000000,0
978,978,0,1,01ea,0,00000000,00000000,0
979,979,0,1,01eb,0,00000000,00000000,0
980,980,0,1,01ec,0,00000000,00000000,0
981,981,0,1,01ed,0,00000000,00000000,0
982,982,0,1,01ee,0,00000000,00000000,0
983,983,0,1,01ef,0,00000000,00000000,0
984,984,0,1,01f0,0,00000000,00000000,0
985,985,0,1,01f1,0,00000000,00000000,0
986,986,0,1,01f2,0,00000000,00000000,0
987,987,0,1,01f3,0,00000000,00000000,0
988,988,0,1,01f4,0,00000000,00000000,0
989,989,0,1,01f5,0,00000000,00000000,0
990,990,0,1,01f6,0,00000000,00000000,0
991,991,0,1,01f7,0,00000000,00000000,0
992,992,0,1,01f8,0,00000000,00000000,0
993,993,0,1,01f9,0,00000000,00000000,0
994,994,0,1,01fa,0,00000000,00000000,0
995,995,0,1,01fb,0,00000000,00000000,0
996,996,0,1,01fc,0,00000000,00000000,0
997,997,0,1,01fd,0,00000000,00000000,0
998,998,0,1,01fe,0,00000000,00000000,0
999,999,0,1,01ff,0,00000000,00000000,0
1000,1000,0,1,0200,0,00000000,00000000,0
1001,1001,0,1,0201,0,00000000,00000000,0
1002,1002,0,1,0202,0,00000000,00000000,0
1003,1003,0,1,0203,0,00000000,00000000,0
1004,1004,0,1,0204,0,00000000,00000000,0
1005,1005,0,1,0205,0,00000000,00000000,0
1006,1006,0,1,0206,0,00000000,00000000,0
1007,1007,0,1,0207,0,00000000,00000000,0
1008,1008,0,1,0208,0,00000000,00000000,0
1009,1009,0,1,0209,0,00000000,00000000,0
1010,1010,0,1,020a,0,00000000,00000000,0
1011,1011,0,1,020b,0,00000000,00000000,0
1012,1012,0,1,020c,0,00000000,00000000,0
1013,1013,0,1,020d,0,00000000,00000000,0
1014,1014,0,1,020e,0,00000000,00000000,0
1015,1015,0,1,020f,0,00000000,00000000,0
1016,1016,0,1,0210,0,00000000,00000000,0
1017,1017,0,1,0211,0,00000000,00000000,0
1018,1018,0,1,0212,0,00000000,00000000,0
1019,1019,0,1,0213,0,00000000,00000000,0
1020,1020,0,1,0214,0,00000000,00000000,0
1021,1021,0,1,0215,0,00000000,00000000,0
1022,1022,0,1,0216,0,00000000,00000000,0
1023,1023,0,1,0217,0,00000000,00000000,0
